article_title,filename,link1_title,link1_filename,link2_title,link2_filename,link3_title,link3_filename,link4_title,link4_filename



Signs a Lawn Is Underwatered,signs-a-lawn-is-underwatered.html,How Drainage Problems Spread,/watering-irrigation/how-drainage-problems-spread.html,Why Light Frequent Rain Can Be Worse,/watering-irrigation/why-light-frequent-rain-can-be-worse.html,How Sandy Soil Handles Water,/watering-irrigation/how-sandy-soil-handles-water.html,,
How to Tell If Water Is Reaching Roots,how-to-tell-if-water-is-reaching-roots.html,How Often Lawns Should Be Watered,/watering-irrigation/how-often-lawns-should-be-watered.html,How Rainfall Patterns Affect Lawns,/watering-irrigation/how-rainfall-patterns-affect-lawns.html,How Long New Grass Needs Extra Water,/watering-irrigation/how-long-new-grass-needs-extra-water.html,,
Why Shallow Watering Fails,why-shallow-watering-fails.html,Why Overwatering Causes Disease,/watering-irrigation/why-overwatering-causes-disease.html,How Long It Takes Water Issues to Show,/watering-irrigation/how-long-it-takes-water-issues-to-show.html,When Drip Irrigation Is Better,/watering-irrigation/when-drip-irrigation-is-better.html,How to Spot Irrigation Coverage Gaps,/watering-irrigation/how-to-spot-irrigation-coverage-gaps.html
Why Deep Watering Works Better,why-deep-watering-works-better.html,Signs Watering Changes Are Failing,/watering-irrigation/signs-watering-changes-are-failing.html,Why Poor Drainage Encourages Disease,/watering-irrigation/why-poor-drainage-encourages-disease.html,,,,
How Soil Type Affects Watering,how-soil-type-affects-watering.html,When Drip Irrigation Is Better,/watering-irrigation/when-drip-irrigation-is-better.html,Why Drainage Gets Worse Over Time,/watering-irrigation/why-drainage-gets-worse-over-time.html,,,,
How Clay Soil Handles Water,how-clay-soil-handles-water.html,How Long Grass Can Stay Wet Safely,/watering-irrigation/how-long-grass-can-stay-wet-safely.html,How Rainfall Patterns Affect Lawns,/watering-irrigation/how-rainfall-patterns-affect-lawns.html,,,,
How Sandy Soil Handles Water,how-sandy-soil-handles-water.html,How Slope Affects Lawn Watering,/watering-irrigation/how-slope-affects-lawn-watering.html,Why Lawns Look Worse After Watering,/watering-irrigation/why-lawns-look-worse-after-watering.html,,,,
How Compacted Soil Affects Drainage,how-compacted-soil-affects-drainage.html,Why Light Frequent Rain Can Be Worse,/watering-irrigation/why-light-frequent-rain-can-be-worse.html,How to Water New Lawns Properly,/watering-irrigation/how-to-water-new-lawns-properly.html,Why Standing Water Kills Grass,/watering-irrigation/why-standing-water-kills-grass.html,When Watering Is Not the Real Problem,/watering-irrigation/when-watering-is-not-the-real-problem.html
Why Water Pools on Lawns,why-water-pools-on-lawns.html,How Irrigation Systems Actually Work,/watering-irrigation/how-irrigation-systems-actually-work.html,How Watering Affects Root Depth,/watering-irrigation/how-watering-affects-root-depth.html,How Shade Affects Water Needs,/watering-irrigation/how-shade-affects-water-needs.html,How Water Stress Attracts Pests,/watering-irrigation/how-water-stress-attracts-pests.html
Why Water Runs Off Instead of Soaking In,why-water-runs-off-instead-of-soaking-in.html,How Watering Interacts With Soil Health,/watering-irrigation/how-watering-interacts-with-soil-health.html,Why Lawns Stay Wet Too Long,/watering-irrigation/why-lawns-stay-wet-too-long.html,Why Fixing Water Problems Takes Time,/watering-irrigation/why-fixing-water-problems-takes-time.html,How Irrigation Timing Affects Results,/watering-irrigation/how-irrigation-timing-affects-results.html
How Slope Affects Lawn Watering,how-slope-affects-lawn-watering.html,How Heat Changes Water Requirements,/watering-irrigation/how-heat-changes-water-requirements.html,Why Irrigation Systems Drift Over Time,/watering-irrigation/why-irrigation-systems-drift-over-time.html,How Irrigation Timing Affects Results,/watering-irrigation/how-irrigation-timing-affects-results.html,,
How to Water Sloped Lawns Properly,how-to-water-sloped-lawns-properly.html,How Watering Interacts With Soil Health,/watering-irrigation/how-watering-interacts-with-soil-health.html,Why Lawns Stay Wet Too Long,/watering-irrigation/why-lawns-stay-wet-too-long.html,How Sun Exposure Changes Water Demand,/watering-irrigation/how-sun-exposure-changes-water-demand.html,,
Why Lawns Stay Wet Too Long,why-lawns-stay-wet-too-long.html,How Long New Grass Needs Extra Water,/watering-irrigation/how-long-new-grass-needs-extra-water.html,Why Lawns Fail Despite Regular Watering,/watering-irrigation/why-lawns-fail-despite-regular-watering.html,Can Lawns Recover After Drought,/watering-irrigation/can-lawns-recover-after-drought.html,When Lawn Water Issues Mean Starting Over,/watering-irrigation/when-lawn-water-issues-mean-starting-over.html
How Long Grass Can Stay Wet Safely,how-long-grass-can-stay-wet-safely.html,When Lawn Water Issues Mean Starting Over,/watering-irrigation/when-lawn-water-issues-mean-starting-over.html,How Water Stress Attracts Pests,/watering-irrigation/how-water-stress-attracts-pests.html,Why Water Runs Off Instead of Soaking In,/watering-irrigation/why-water-runs-off-instead-of-soaking-in.html,How Flooding Changes Soil Structure,/watering-irrigation/how-flooding-changes-soil-structure.html
Why Standing Water Kills Grass,why-standing-water-kills-grass.html,Why Lawns Stay Wet Too Long,/watering-irrigation/why-lawns-stay-wet-too-long.html,Why Some Lawn Areas Stay Wet,/watering-irrigation/why-some-lawn-areas-stay-wet.html,How Rainfall Patterns Affect Lawns,/watering-irrigation/how-rainfall-patterns-affect-lawns.html,,
How Drainage Problems Start,how-drainage-problems-start.html,Signs a Lawn Is Underwatered,/watering-irrigation/signs-a-lawn-is-underwatered.html,How to Encourage Deeper Roots,/watering-irrigation/how-to-encourage-deeper-roots.html,How Rainfall Patterns Affect Lawns,/watering-irrigation/how-rainfall-patterns-affect-lawns.html,,
Signs of Poor Lawn Drainage,signs-of-poor-lawn-drainage.html,Why Some Lawns Never Dry Out,/watering-irrigation/why-some-lawns-never-dry-out.html,Why New Construction Lawns Drain Poorly,/watering-irrigation/why-new-construction-lawns-drain-poorly.html,How Watering Impacts Weed Growth,/watering-irrigation/how-watering-impacts-weed-growth.html,,
How Drainage Problems Spread,how-drainage-problems-spread.html,When Watering Is Not the Real Problem,/watering-irrigation/when-watering-is-not-the-real-problem.html,How Seasonal Changes Affect Watering,/watering-irrigation/how-seasonal-changes-affect-watering.html,How Soil Type Affects Watering,/watering-irrigation/how-soil-type-affects-watering.html,,
Why Drainage Gets Worse Over Time,why-drainage-gets-worse-over-time.html,Why Fixing Water Problems Takes Time,/watering-irrigation/why-fixing-water-problems-takes-time.html,Why Water Problems Reappear Each Year,/watering-irrigation/why-water-problems-reappear-each-year.html,How Long Grass Can Stay Wet Safely,/watering-irrigation/how-long-grass-can-stay-wet-safely.html,How Drainage Problems Spread,/watering-irrigation/how-drainage-problems-spread.html
Difference Between Surface and Subsurface Drainage,difference-between-surface-and-subsurface-dra.html,Signs a Lawn Is Overwatered,/watering-irrigation/signs-a-lawn-is-overwatered.html,Common Lawn Watering Myths,/watering-irrigation/common-lawn-watering-myths.html,,,,
What Lawn Drainage Systems Do,what-lawn-drainage-systems-do.html,Why Night Watering Can Cause Problems,/watering-irrigation/why-night-watering-can-cause-problems.html,How Freezing Temperatures Affect Watering,/watering-irrigation/how-freezing-temperatures-affect-watering.html,How Water Stress Attracts Pests,/watering-irrigation/how-water-stress-attracts-pests.html,,
When a Lawn Needs Drainage Help,when-a-lawn-needs-drainage-help.html,When Water Problems Are Permanent,/watering-irrigation/when-water-problems-are-permanent.html,How Slope Affects Lawn Watering,/watering-irrigation/how-slope-affects-lawn-watering.html,Why Lawns Fail Despite Regular Watering,/watering-irrigation/why-lawns-fail-despite-regular-watering.html,Why Fall Watering Is Often Missed,/watering-irrigation/why-fall-watering-is-often-missed.html
How Rainfall Patterns Affect Lawns,how-rainfall-patterns-affect-lawns.html,Why New Construction Lawns Drain Poorly,/watering-irrigation/why-new-construction-lawns-drain-poorly.html,How Long Grass Lives as a Plant,/lawn-basics/how-long-grass-lives-as-a-plant.html,Why Established Lawns Need Less Water,/watering-irrigation/why-established-lawns-need-less-water.html,,
Why Heavy Rain Damages Lawns,why-heavy-rain-damages-lawns.html,What Lawn Drainage Systems Do,/watering-irrigation/what-lawn-drainage-systems-do.html,How Irrigation Timing Affects Results,/watering-irrigation/how-irrigation-timing-affects-results.html,Signs a Lawn Is Overwatered,/watering-irrigation/signs-a-lawn-is-overwatered.html,,
Why Light Frequent Rain Can Be Worse,why-light-frequent-rain-can-be-worse.html,Difference Between Fungus and Stress Damage,/weeds-pests/difference-between-fungus-and-stress-damage.html,When Watering Is Not the Real Problem,/watering-irrigation/when-watering-is-not-the-real-problem.html,Common Lawn Watering Myths,/watering-irrigation/common-lawn-watering-myths.html,,
How Drought Changes Soil Behavior,how-drought-changes-soil-behavior.html,Why Drainage Gets Worse Over Time,/watering-irrigation/why-drainage-gets-worse-over-time.html,How to Encourage Deeper Roots,/watering-irrigation/how-to-encourage-deeper-roots.html,,,,
How Long Lawns Can Go Without Water,how-long-lawns-can-go-without-water.html,How to Diagnose Water Issues Correctly,/watering-irrigation/how-to-diagnose-water-issues-correctly.html,Can Lawns Recover After Flooding,/watering-irrigation/can-lawns-recover-after-flooding.html,How Long New Grass Needs Extra Water,/watering-irrigation/how-long-new-grass-needs-extra-water.html,,
Can Lawns Recover After Drought,can-lawns-recover-after-drought.html,Why Shallow Watering Fails,/watering-irrigation/why-shallow-watering-fails.html,Why Poor Drainage Encourages Disease,/watering-irrigation/why-poor-drainage-encourages-disease.html,Why New Construction Lawns Drain Poorly,/watering-irrigation/why-new-construction-lawns-drain-poorly.html,,
Why Overwatering Causes Disease,why-overwatering-causes-disease.html,Why Water Runs Off Instead of Soaking In,/watering-irrigation/why-water-runs-off-instead-of-soaking-in.html,How Shade Affects Water Needs,/watering-irrigation/how-shade-affects-water-needs.html,How Even Water Distribution Matters,/watering-irrigation/how-even-water-distribution-matters.html,,
Why Underwatering Weakens Grass,why-underwatering-weakens-grass.html,How Freezing Temperatures Affect Watering,/watering-irrigation/how-freezing-temperatures-affect-watering.html,How Drainage Problems Spread,/watering-irrigation/how-drainage-problems-spread.html,How Slope Affects Lawn Watering,/watering-irrigation/how-slope-affects-lawn-watering.html,How Irrigation Systems Actually Work,/watering-irrigation/how-irrigation-systems-actually-work.html
How Watering Affects Root Depth,how-watering-affects-root-depth.html,How to Spot Irrigation Coverage Gaps,/watering-irrigation/how-to-spot-irrigation-coverage-gaps.html,Why Water Runs Off Instead of Soaking In,/watering-irrigation/why-water-runs-off-instead-of-soaking-in.html,,,,
How to Encourage Deeper Roots,how-to-encourage-deeper-roots.html,How Drainage Affects Weed Problems,/watering-irrigation/how-drainage-affects-weed-problems.html,How Watering Impacts Weed Growth,/watering-irrigation/how-watering-impacts-weed-growth.html,How Long It Takes Water Issues to Show,/watering-irrigation/how-long-it-takes-water-issues-to-show.html,,
Why Newly Planted Grass Needs Different Water,why-newly-planted-grass-needs-different-water.html,Should Lawns Be Watered in Winter,/watering-irrigation/should-lawns-be-watered-in-winter.html,When Drip Irrigation Is Better,/watering-irrigation/when-drip-irrigation-is-better.html,How Much Water Grass Actually Needs,/watering-irrigation/how-much-water-grass-actually-needs.html,How Water Pressure Affects Irrigation,/watering-irrigation/how-water-pressure-affects-irrigation.html
How to Water New Lawns Properly,how-to-water-new-lawns-properly.html,How Compacted Soil Affects Drainage,/watering-irrigation/how-compacted-soil-affects-drainage.html,How Long It Takes Water Issues to Show,/watering-irrigation/how-long-it-takes-water-issues-to-show.html,How Rainfall Patterns Affect Lawns,/watering-irrigation/how-rainfall-patterns-affect-lawns.html,How Watering Affects Root Depth,/watering-irrigation/how-watering-affects-root-depth.html
How Long New Grass Needs Extra Water,how-long-new-grass-needs-extra-water.html,How Heat Changes Water Requirements,/watering-irrigation/how-heat-changes-water-requirements.html,How Tool Failure Delays Lawn Recovery,/tools-safety/how-tool-failure-delays-lawn-recovery.html,Why Water Runs Off Instead of Soaking In,/watering-irrigation/why-water-runs-off-instead-of-soaking-in.html,,
Can You Overwater New Grass,can-you-overwater-new-grass.html,How Compacted Soil Affects Drainage,/watering-irrigation/how-compacted-soil-affects-drainage.html,Signs a Lawn Is Overwatered,/watering-irrigation/signs-a-lawn-is-overwatered.html,Why Irrigation Systems Drift Over Time,/watering-irrigation/why-irrigation-systems-drift-over-time.html,,
Why Established Lawns Need Less Water,why-established-lawns-need-less-water.html,Why Poor Drainage Encourages Disease,/watering-irrigation/why-poor-drainage-encourages-disease.html,When Water Problems Are Permanent,/watering-irrigation/when-water-problems-are-permanent.html,Why Lawns Stay Wet Too Long,/watering-irrigation/why-lawns-stay-wet-too-long.html,,
How Shade Affects Water Needs,how-shade-affects-water-needs.html,Why Some Lawns Never Dry Out,/watering-irrigation/why-some-lawns-never-dry-out.html,How to Water Sloped Lawns Properly,/watering-irrigation/how-to-water-sloped-lawns-properly.html,Difference Between Surface and Subsurface Drainage,/watering-irrigation/difference-between-surface-and-subsurface-dra.html,,
How Sun Exposure Changes Water Demand,how-sun-exposure-changes-water-demand.html,How Clogged Systems Affect Lawns,/watering-irrigation/how-clogged-systems-affect-lawns.html,How Water Stress Attracts Pests,/watering-irrigation/how-water-stress-attracts-pests.html,Why Heavy Rain Damages Lawns,/watering-irrigation/why-heavy-rain-damages-lawns.html,How to Water Sloped Lawns Properly,/watering-irrigation/how-to-water-sloped-lawns-properly.html
Why Lawns Near Concrete Dry Faster,why-lawns-near-concrete-dry-faster.html,Best Time of Day to Water a Lawn,/watering-irrigation/best-time-of-day-to-water-a-lawn.html,How Irrigation Systems Actually Work,/watering-irrigation/how-irrigation-systems-actually-work.html,How Much Water Grass Actually Needs,/watering-irrigation/how-much-water-grass-actually-needs.html,When Drip Irrigation Is Better,/watering-irrigation/when-drip-irrigation-is-better.html
How Heat Changes Water Requirements,how-heat-changes-water-requirements.html,How to Prepare Lawns for Rainy Seasons,/watering-irrigation/how-to-prepare-lawns-for-rainy-seasons.html,Why One Soil Fix Rarely Works,/soil-fertilizer/why-one-soil-fix-rarely-works.html,Signs of Poor Lawn Drainage,/watering-irrigation/signs-of-poor-lawn-drainage.html,,
Why Wind Increases Water Loss,why-wind-increases-water-loss.html,When to Adjust Watering Schedules,/watering-irrigation/when-to-adjust-watering-schedules.html,How Clogged Systems Affect Lawns,/watering-irrigation/how-clogged-systems-affect-lawns.html,,,,
How Humidity Affects Watering,how-humidity-affects-watering.html,How Irrigation Systems Actually Work,/watering-irrigation/how-irrigation-systems-actually-work.html,How to Tell If Water Is Reaching Roots,/watering-irrigation/how-to-tell-if-water-is-reaching-roots.html,,,,
Why Lawns Look Worse After Watering,why-lawns-look-worse-after-watering.html,How Long It Takes to Fix Drainage,/watering-irrigation/how-long-it-takes-to-fix-drainage.html,Can Lawns Recover After Drought,/watering-irrigation/can-lawns-recover-after-drought.html,Why Shallow Watering Fails,/watering-irrigation/why-shallow-watering-fails.html,,
How Irrigation Systems Actually Work,how-irrigation-systems-actually-work.html,Why Water Runs Off Instead of Soaking In,/watering-irrigation/why-water-runs-off-instead-of-soaking-in.html,How Sandy Soil Handles Water,/watering-irrigation/how-sandy-soil-handles-water.html,Why Some Lawns Never Dry Out,/watering-irrigation/why-some-lawns-never-dry-out.html,,
Difference Between Sprinklers and Drip Systems,difference-between-sprinklers-and-drip-system.html,How Drainage Affects Weed Problems,/watering-irrigation/how-drainage-affects-weed-problems.html,Why Deep Watering Works Better,/watering-irrigation/why-deep-watering-works-better.html,How Lawn Age Affects Water Needs,/watering-irrigation/how-lawn-age-affects-water-needs.html,,
When Sprinkler Systems Make Sense,when-sprinkler-systems-make-sense.html,Why Poor Drainage Encourages Disease,/watering-irrigation/why-poor-drainage-encourages-disease.html,Why Standing Water Kills Grass,/watering-irrigation/why-standing-water-kills-grass.html,Why Water Pools on Lawns,/watering-irrigation/why-water-pools-on-lawns.html,What Lawn Drainage Systems Do,/watering-irrigation/what-lawn-drainage-systems-do.html
When Drip Irrigation Is Better,when-drip-irrigation-is-better.html,Why Grass Dies in Winter,/lawn-basics/why-grass-dies-in-winter.html,Common Lawn Watering Myths,/watering-irrigation/common-lawn-watering-myths.html,How Long to Water a Lawn Each Time,/watering-irrigation/how-long-to-water-a-lawn-each-time.html,,
How Even Water Distribution Matters,how-even-water-distribution-matters.html,How Slope Affects Lawn Watering,/watering-irrigation/how-slope-affects-lawn-watering.html,How Water Stress Attracts Pests,/watering-irrigation/how-water-stress-attracts-pests.html,Best Time of Day to Water a Lawn,/watering-irrigation/best-time-of-day-to-water-a-lawn.html,,
Why Some Lawn Areas Stay Dry,why-some-lawn-areas-stay-dry.html,Why Deep Watering Works Better,/watering-irrigation/why-deep-watering-works-better.html,Difference Between Sprinklers and Drip Systems,/watering-irrigation/difference-between-sprinklers-and-drip-system.html,When Watering Is Not the Real Problem,/watering-irrigation/when-watering-is-not-the-real-problem.html,,
Why Some Lawn Areas Stay Wet,why-some-lawn-areas-stay-wet.html,Why Water Problems Reappear Each Year,/watering-irrigation/why-water-problems-reappear-each-year.html,Why Night Watering Can Cause Problems,/watering-irrigation/why-night-watering-can-cause-problems.html,,,,
How to Spot Irrigation Coverage Gaps,how-to-spot-irrigation-coverage-gaps.html,How Long New Grass Needs Extra Water,/watering-irrigation/how-long-new-grass-needs-extra-water.html,Why Water Problems Reappear Each Year,/watering-irrigation/why-water-problems-reappear-each-year.html,How to Diagnose Water Issues Correctly,/watering-irrigation/how-to-diagnose-water-issues-correctly.html,,
How Irrigation Timing Affects Results,how-irrigation-timing-affects-results.html,How Water Stress Attracts Pests,/watering-irrigation/how-water-stress-attracts-pests.html,Difference Between Sprinklers and Drip Systems,/watering-irrigation/difference-between-sprinklers-and-drip-system.html,,,,
Why Night Watering Can Cause Problems,why-night-watering-can-cause-problems.html,How Climate Affects Lawn Watering,/watering-irrigation/how-climate-affects-lawn-watering.html,Why Heavy Rain Damages Lawns,/watering-irrigation/why-heavy-rain-damages-lawns.html,,,,
Why Morning Watering Is Usually Best,why-morning-watering-is-usually-best.html,How to Tell If Water Is Reaching Roots,/watering-irrigation/how-to-tell-if-water-is-reaching-roots.html,How Much Water Grass Actually Needs,/watering-irrigation/how-much-water-grass-actually-needs.html,,,,
How Water Pressure Affects Irrigation,how-water-pressure-affects-irrigation.html,When a Lawn Needs Drainage Help,/watering-irrigation/when-a-lawn-needs-drainage-help.html,Why Some Lawn Areas Stay Wet,/watering-irrigation/why-some-lawn-areas-stay-wet.html,,,,
How Clogged Systems Affect Lawns,how-clogged-systems-affect-lawns.html,How to Prepare Lawns for Rainy Seasons,/watering-irrigation/how-to-prepare-lawns-for-rainy-seasons.html,When Sprinkler Systems Make Sense,/watering-irrigation/when-sprinkler-systems-make-sense.html,Why Newly Planted Grass Needs Different Water,/watering-irrigation/why-newly-planted-grass-needs-different-water.html,,
Why Irrigation Systems Drift Over Time,why-irrigation-systems-drift-over-time.html,How Heat Changes Water Requirements,/watering-irrigation/how-heat-changes-water-requirements.html,Why Shallow Watering Fails,/watering-irrigation/why-shallow-watering-fails.html,How Flooding Changes Soil Structure,/watering-irrigation/how-flooding-changes-soil-structure.html,Difference Between Sprinklers and Drip Systems,/watering-irrigation/difference-between-sprinklers-and-drip-system.html
How Seasonal Changes Affect Watering,how-seasonal-changes-affect-watering.html,How to Tell If Water Is Reaching Roots,/watering-irrigation/how-to-tell-if-water-is-reaching-roots.html,Why Lawn Problems Worsen Over Time,/weeds-pests/why-lawn-problems-worsen-over-time.html,,,,
Why Spring Watering Is Tricky,why-spring-watering-is-tricky.html,How Watering Impacts Weed Growth,/watering-irrigation/how-watering-impacts-weed-growth.html,Difference Between Surface and Subsurface Drainage,/watering-irrigation/difference-between-surface-and-subsurface-dra.html,Why Some Lawn Areas Stay Dry,/watering-irrigation/why-some-lawn-areas-stay-dry.html,,
Why Summer Watering Is Critical,why-summer-watering-is-critical.html,How Lawn Age Affects Water Needs,/watering-irrigation/how-lawn-age-affects-water-needs.html,How to Prepare Lawns for Rainy Seasons,/watering-irrigation/how-to-prepare-lawns-for-rainy-seasons.html,,,,
Why Fall Watering Is Often Missed,why-fall-watering-is-often-missed.html,How Water Stress Attracts Pests,/watering-irrigation/how-water-stress-attracts-pests.html,How Seasonal Changes Affect Watering,/watering-irrigation/how-seasonal-changes-affect-watering.html,Signs of Poor Lawn Drainage,/watering-irrigation/signs-of-poor-lawn-drainage.html,,
Should Lawns Be Watered in Winter,should-lawns-be-watered-in-winter.html,Why Irrigation Systems Drift Over Time,/watering-irrigation/why-irrigation-systems-drift-over-time.html,How Irrigation Systems Actually Work,/watering-irrigation/how-irrigation-systems-actually-work.html,,,,
How Freezing Temperatures Affect Watering,how-freezing-temperatures-affect-watering.html,How Long Lawns Can Go Without Water,/watering-irrigation/how-long-lawns-can-go-without-water.html,How Water Pressure Affects Irrigation,/watering-irrigation/how-water-pressure-affects-irrigation.html,How Seasonal Changes Affect Watering,/watering-irrigation/how-seasonal-changes-affect-watering.html,,
How Watering Impacts Weed Growth,how-watering-impacts-weed-growth.html,Why Irrigation Systems Drift Over Time,/watering-irrigation/why-irrigation-systems-drift-over-time.html,When Drip Irrigation Is Better,/watering-irrigation/when-drip-irrigation-is-better.html,,,,
Why Overwatering Encourages Weeds,why-overwatering-encourages-weeds.html,How Drainage Problems Spread,/watering-irrigation/how-drainage-problems-spread.html,How to Encourage Deeper Roots,/watering-irrigation/how-to-encourage-deeper-roots.html,Why Lawns Fail Despite Regular Watering,/watering-irrigation/why-lawns-fail-despite-regular-watering.html,,
How Drainage Affects Weed Problems,how-drainage-affects-weed-problems.html,How Watering Affects Root Depth,/watering-irrigation/how-watering-affects-root-depth.html,How Long It Takes Water Issues to Show,/watering-irrigation/how-long-it-takes-water-issues-to-show.html,What Lawn Drainage Systems Do,/watering-irrigation/what-lawn-drainage-systems-do.html,Why Lawns Look Worse After Watering,/watering-irrigation/why-lawns-look-worse-after-watering.html
How Water Stress Attracts Pests,how-water-stress-attracts-pests.html,When Lawn Problems Mean Starting Over,/weeds-pests/when-lawn-problems-mean-starting-over.html,Why Night Watering Can Cause Problems,/watering-irrigation/why-night-watering-can-cause-problems.html,Why Overwatering Encourages Weeds,/watering-irrigation/why-overwatering-encourages-weeds.html,Difference Between Surface and Subsurface Drainage,/watering-irrigation/difference-between-surface-and-subsurface-dra.html
Why Poor Drainage Encourages Disease,why-poor-drainage-encourages-disease.html,What Lawn Drainage Systems Do,/watering-irrigation/what-lawn-drainage-systems-do.html,Why Water Problems Reappear Each Year,/watering-irrigation/why-water-problems-reappear-each-year.html,,,,
How Long It Takes Water Issues to Show,how-long-it-takes-water-issues-to-show.html,Signs of Poor Lawn Drainage,/watering-irrigation/signs-of-poor-lawn-drainage.html,How to Water New Lawns Properly,/watering-irrigation/how-to-water-new-lawns-properly.html,Difference Between Surface and Subsurface Drainage,/watering-irrigation/difference-between-surface-and-subsurface-dra.html,,
Why Fixing Water Problems Takes Time,why-fixing-water-problems-takes-time.html,How Water Stress Attracts Pests,/watering-irrigation/how-water-stress-attracts-pests.html,How Long It Takes Water Issues to Show,/watering-irrigation/how-long-it-takes-water-issues-to-show.html,Why Newly Planted Grass Needs Different Water,/watering-irrigation/why-newly-planted-grass-needs-different-water.html,How to Diagnose Water Issues Correctly,/watering-irrigation/how-to-diagnose-water-issues-correctly.html
Can Lawns Recover After Flooding,can-lawns-recover-after-flooding.html,Why Irrigation Systems Drift Over Time,/watering-irrigation/why-irrigation-systems-drift-over-time.html,Why Fixing Water Problems Takes Time,/watering-irrigation/why-fixing-water-problems-takes-time.html,,,,
How Flooding Changes Soil Structure,how-flooding-changes-soil-structure.html,Difference Between Surface and Subsurface Drainage,/watering-irrigation/difference-between-surface-and-subsurface-dra.html,Why Standing Water Kills Grass,/watering-irrigation/why-standing-water-kills-grass.html,How Long Grass Can Stay Wet Safely,/watering-irrigation/how-long-grass-can-stay-wet-safely.html,Why Overwatering Encourages Weeds,/watering-irrigation/why-overwatering-encourages-weeds.html
Why Some Lawns Never Dry Out,why-some-lawns-never-dry-out.html,Why Wind Increases Water Loss,/watering-irrigation/why-wind-increases-water-loss.html,Why Overwatering Encourages Weeds,/watering-irrigation/why-overwatering-encourages-weeds.html,Why Lawns Look Worse After Watering,/watering-irrigation/why-lawns-look-worse-after-watering.html,,
How Lawn Age Affects Water Needs,how-lawn-age-affects-water-needs.html,How Water Stress Attracts Pests,/watering-irrigation/how-water-stress-attracts-pests.html,How to Tell If Water Is Reaching Roots,/watering-irrigation/how-to-tell-if-water-is-reaching-roots.html,,,,
Why New Construction Lawns Drain Poorly,why-new-construction-lawns-drain-poorly.html,How Drought Changes Soil Behavior,/watering-irrigation/how-drought-changes-soil-behavior.html,How Soil Type Affects Watering,/watering-irrigation/how-soil-type-affects-watering.html,How to Water Sloped Lawns Properly,/watering-irrigation/how-to-water-sloped-lawns-properly.html,How Soil Settling Affects Drainage,/watering-irrigation/how-soil-settling-affects-drainage.html
How Soil Settling Affects Drainage,how-soil-settling-affects-drainage.html,How Irrigation Timing Affects Results,/watering-irrigation/how-irrigation-timing-affects-results.html,How to Start Over With a Dead Lawn,/lawn-basics/how-to-start-over-with-a-dead-lawn.html,Signs a Lawn Is Overwatered,/watering-irrigation/signs-a-lawn-is-overwatered.html,,
Why Water Problems Reappear Each Year,why-water-problems-reappear-each-year.html,Should Lawns Be Watered in Winter,/watering-irrigation/should-lawns-be-watered-in-winter.html,Signs Watering Changes Are Working,/watering-irrigation/signs-watering-changes-are-working.html,How to Prepare Lawns for Rainy Seasons,/watering-irrigation/how-to-prepare-lawns-for-rainy-seasons.html,How Water Pressure Affects Irrigation,/watering-irrigation/how-water-pressure-affects-irrigation.html
How to Diagnose Water Issues Correctly,how-to-diagnose-water-issues-correctly.html,How Humidity Affects Watering,/watering-irrigation/how-humidity-affects-watering.html,Why Summer Watering Is Critical,/watering-irrigation/why-summer-watering-is-critical.html,How to Tell If Water Is Reaching Roots,/watering-irrigation/how-to-tell-if-water-is-reaching-roots.html,,
Common Lawn Watering Myths,common-lawn-watering-myths.html,When Lawn Water Issues Mean Starting Over,/watering-irrigation/when-lawn-water-issues-mean-starting-over.html,How Even Water Distribution Matters,/watering-irrigation/how-even-water-distribution-matters.html,How Freezing Temperatures Affect Watering,/watering-irrigation/how-freezing-temperatures-affect-watering.html,,
Mistakes That Waste Lawn Water,mistakes-that-waste-lawn-water.html,Can Lawns Recover After Flooding,/watering-irrigation/can-lawns-recover-after-flooding.html,When Watering Is Not the Real Problem,/watering-irrigation/when-watering-is-not-the-real-problem.html,,,,
Mistakes That Damage Lawns With Water,mistakes-that-damage-lawns-with-water.html,Why Drainage Gets Worse Over Time,/watering-irrigation/why-drainage-gets-worse-over-time.html,When a Lawn Needs Drainage Help,/watering-irrigation/when-a-lawn-needs-drainage-help.html,Signs a Lawn Is Underwatered,/watering-irrigation/signs-a-lawn-is-underwatered.html,,
How Long It Takes to Fix Drainage,how-long-it-takes-to-fix-drainage.html,How to Water New Lawns Properly,/watering-irrigation/how-to-water-new-lawns-properly.html,How Drainage Problems Spread,/watering-irrigation/how-drainage-problems-spread.html,,,,
When Water Problems Are Permanent,when-water-problems-are-permanent.html,Why Underwatering Weakens Grass,/watering-irrigation/why-underwatering-weakens-grass.html,How Seasonal Changes Affect Watering,/watering-irrigation/how-seasonal-changes-affect-watering.html,,,,
Signs Watering Changes Are Working,signs-watering-changes-are-working.html,How Even Water Distribution Matters,/watering-irrigation/how-even-water-distribution-matters.html,Why Lawns Fail Despite Regular Watering,/watering-irrigation/why-lawns-fail-despite-regular-watering.html,Why Overseeding Can Trigger Weeds,/weeds-pests/why-overseeding-can-trigger-weeds.html,Can Lawns Recover After Flooding,/watering-irrigation/can-lawns-recover-after-flooding.html
Signs Watering Changes Are Failing,signs-watering-changes-are-failing.html,Common Lawn Watering Myths,/watering-irrigation/common-lawn-watering-myths.html,When to Adjust Watering Schedules,/watering-irrigation/when-to-adjust-watering-schedules.html,,,,
When to Adjust Watering Schedules,when-to-adjust-watering-schedules.html,How to Spot Irrigation Coverage Gaps,/watering-irrigation/how-to-spot-irrigation-coverage-gaps.html,How Watering Interacts With Soil Health,/watering-irrigation/how-watering-interacts-with-soil-health.html,Worst Time of Day to Water Grass,/watering-irrigation/worst-time-of-day-to-water-grass.html,,
How to Prepare Lawns for Rainy Seasons,how-to-prepare-lawns-for-rainy-seasons.html,How Clay Soil Handles Water,/watering-irrigation/how-clay-soil-handles-water.html,Why Some Lawn Areas Stay Dry,/watering-irrigation/why-some-lawn-areas-stay-dry.html,Why Water Problems Reappear Each Year,/watering-irrigation/why-water-problems-reappear-each-year.html,,
How to Prepare Lawns for Dry Seasons,how-to-prepare-lawns-for-dry-seasons.html,Why Water Pools on Lawns,/watering-irrigation/why-water-pools-on-lawns.html,How Long Grass Can Stay Wet Safely,/watering-irrigation/how-long-grass-can-stay-wet-safely.html,Why Overwatering Encourages Weeds,/watering-irrigation/why-overwatering-encourages-weeds.html,Signs of Poor Lawn Drainage,/watering-irrigation/signs-of-poor-lawn-drainage.html
How Climate Affects Lawn Watering,how-climate-affects-lawn-watering.html,How Drainage Problems Start,/watering-irrigation/how-drainage-problems-start.html,Why Underwatering Weakens Grass,/watering-irrigation/why-underwatering-weakens-grass.html,How Rainfall Patterns Affect Lawns,/watering-irrigation/how-rainfall-patterns-affect-lawns.html,,
Why Lawns Fail Despite Regular Watering,why-lawns-fail-despite-regular-watering.html,How Climate Affects Lawn Watering,/watering-irrigation/how-climate-affects-lawn-watering.html,Why Night Watering Can Cause Problems,/watering-irrigation/why-night-watering-can-cause-problems.html,,,,
When Watering Is Not the Real Problem,when-watering-is-not-the-real-problem.html,How Even Water Distribution Matters,/watering-irrigation/how-even-water-distribution-matters.html,Can Lawns Recover After Flooding,/watering-irrigation/can-lawns-recover-after-flooding.html,Signs a Lawn Is Overwatered,/watering-irrigation/signs-a-lawn-is-overwatered.html,,
How Watering Interacts With Soil Health,how-watering-interacts-with-soil-health.html,Why Overwatering Encourages Weeds,/watering-irrigation/why-overwatering-encourages-weeds.html,Why Some Lawn Areas Stay Dry,/watering-irrigation/why-some-lawn-areas-stay-dry.html,How Watering Impacts Weed Growth,/watering-irrigation/how-watering-impacts-weed-growth.html,Why Fall Watering Is Often Missed,/watering-irrigation/why-fall-watering-is-often-missed.html
When Lawn Water Issues Mean Starting Over,when-lawn-water-issues-mean-starting-over.html,When Drip Irrigation Is Better,/watering-irrigation/when-drip-irrigation-is-better.html,Why Poor Drainage Encourages Disease,/watering-irrigation/why-poor-drainage-encourages-disease.html,How to Diagnose Water Issues Correctly,/watering-irrigation/how-to-diagnose-water-issues-correctly.html,,
